-- phpMyAdmin SQL Dump
-- version 4.6.4
-- https://www.phpmyadmin.net/
--
-- Host: 127.0.0.1
-- Generation Time: Sep 23, 2018 at 06:27 AM
-- Server version: 5.7.14
-- PHP Version: 7.0.10

SET SQL_MODE = "NO_AUTO_VALUE_ON_ZERO";
SET time_zone = "+00:00";


/*!40101 SET @OLD_CHARACTER_SET_CLIENT=@@CHARACTER_SET_CLIENT */;
/*!40101 SET @OLD_CHARACTER_SET_RESULTS=@@CHARACTER_SET_RESULTS */;
/*!40101 SET @OLD_COLLATION_CONNECTION=@@COLLATION_CONNECTION */;
/*!40101 SET NAMES utf8mb4 */;

--
-- Database: `pizzastores`
--

-- --------------------------------------------------------

--
-- Table structure for table `customer`
--

CREATE TABLE `customer` (
  `CustID` int(8) NOT NULL,
  `UserName` varchar(16) NOT NULL,
  `Password` varchar(8) NOT NULL,
  `GivenName` varchar(16) NOT NULL,
  `LastName` varchar(16) NOT NULL,
  `Address` varchar(32) NOT NULL,
  `CreditCard` int(16) NOT NULL,
  `Email` varchar(32) NOT NULL
) ENGINE=InnoDB DEFAULT CHARSET=utf8;

--
-- Dumping data for table `customer`
--

INSERT INTO `customer` (`CustID`, `UserName`, `Password`, `GivenName`, `LastName`, `Address`, `CreditCard`, `Email`) VALUES
(1000, 'AAA', '1234abcd', 'Bill', 'John', '3 First Ave, Eastwood, Sydney', 2147483647, 'b.john@wsu.edu.au'),
(2000, 'BBB', 'abcd1234', 'Leon', 'Jack', '1 Third Road, Parramatta, Sydney', 2147483647, 'l.jack@navitas.com'),
(3000, 'Shailesh', 'Shailesh', 'Shailesh', 'Kandel', '3 First Ave, Eastwood, Sydney', 214748368, 'shaileshkandel123@gmail.com');

-- --------------------------------------------------------

--
-- Table structure for table `order`
--

CREATE TABLE `order` (
  `OrderID` int(8) NOT NULL,
  `CustID` int(8) NOT NULL,
  `OrderDate` date NOT NULL,
  `OrderTime` time NOT NULL,
  `OrderStatus` varchar(16) NOT NULL DEFAULT 'Pending'
) ENGINE=InnoDB DEFAULT CHARSET=utf8;

--
-- Dumping data for table `order`
--

INSERT INTO `order` (`OrderID`, `CustID`, `OrderDate`, `OrderTime`, `OrderStatus`) VALUES
(1, 2000, '2018-01-01', '12:30:00', 'Pending'),
(2, 2000, '2017-12-25', '17:00:00', 'Pending'),
(3, 1000, '2018-01-02', '18:00:00', 'Pending'),
(4, 1000, '2017-11-01', '20:00:00', 'delivered'),
(6533813, 3000, '2018-09-23', '04:39:15', 'Pending'),
(17047119, 3000, '2018-09-23', '04:40:08', 'Pending'),
(21087646, 3000, '2018-09-23', '03:07:38', 'Pending'),
(54754638, 3000, '2018-09-23', '05:44:22', 'Pending'),
(62377929, 3000, '2018-09-23', '05:20:42', 'Pending'),
(63302612, 3000, '2018-09-23', '03:51:26', 'Pending'),
(64221191, 3000, '2018-09-23', '04:35:30', 'Pending'),
(80474853, 3000, '2018-09-23', '04:57:08', 'Pending'),
(83981323, 3000, '2018-09-23', '03:13:33', 'Pending'),
(86508178, 3000, '2018-09-23', '05:20:07', 'Pending'),
(88519287, 3000, '2018-09-23', '05:21:26', 'Pending'),
(92684936, 3000, '2018-09-23', '04:41:27', 'Pending'),
(99444580, 3000, '2018-09-23', '05:03:53', 'Pending');

-- --------------------------------------------------------

--
-- Table structure for table `order_details`
--

CREATE TABLE `order_details` (
  `OrderID` int(8) NOT NULL,
  `PizzaID` int(8) NOT NULL,
  `SauceID` int(8) NOT NULL,
  `Quantity` int(2) NOT NULL
) ENGINE=InnoDB DEFAULT CHARSET=utf8;

--
-- Dumping data for table `order_details`
--

INSERT INTO `order_details` (`OrderID`, `PizzaID`, `SauceID`, `Quantity`) VALUES
(1, 222, 101, 2),
(1, 333, 202, 1),
(2, 111, 202, 3),
(3, 222, 303, 2),
(3, 555, 101, 1),
(4, 222, 202, 3),
(4, 444, 202, 4),
(6533813, 333, 101, 5),
(17047119, 333, 202, 5),
(21087646, 111, 101, 4),
(21087646, 333, 101, 5),
(54754638, 222, 101, 5),
(54754638, 222, 202, 5),
(54754638, 444, 303, 6),
(62377929, 333, 202, 4),
(63302612, 222, 101, 3),
(63302612, 222, 202, 4),
(63302612, 333, 101, 5),
(63302612, 333, 202, 5),
(63302612, 333, 303, 7),
(64221191, 333, 101, 4),
(64221191, 333, 303, 4),
(64221191, 444, 101, 20),
(64221191, 555, 101, 34),
(64221191, 555, 303, 32),
(80474853, 111, 101, 4),
(83981323, 222, 101, 3),
(83981323, 222, 202, 5),
(86508178, 222, 101, 5),
(88519287, 222, 101, 5),
(88519287, 333, 101, 4),
(88519287, 333, 202, 4),
(92684936, 444, 101, 5),
(99444580, 111, 101, 5),
(99444580, 222, 101, 6),
(99444580, 333, 202, 4);

-- --------------------------------------------------------

--
-- Table structure for table `pizza`
--

CREATE TABLE `pizza` (
  `PizzaID` int(8) NOT NULL,
  `PizzaName` varchar(16) NOT NULL,
  `Price` decimal(4,2) NOT NULL,
  `Size` int(2) NOT NULL,
  `Picture` varchar(30) NOT NULL
) ENGINE=InnoDB DEFAULT CHARSET=utf8;

--
-- Dumping data for table `pizza`
--

INSERT INTO `pizza` (`PizzaID`, `PizzaName`, `Price`, `Size`, `Picture`) VALUES
(111, 'Supreme', '19.95', 7, 'supreme.jpg'),
(222, 'Veggie', '15.95', 7, 'vege.jpg'),
(333, 'Hawaii', '16.95', 7, 'hawaii.jpg'),
(444, 'Meatlover', '19.95', 7, 'meatlover.jpg'),
(555, 'Four seasons', '22.95', 7, 'fourseasons.jpg');

-- --------------------------------------------------------

--
-- Table structure for table `sauce`
--

CREATE TABLE `sauce` (
  `SauceID` int(8) NOT NULL,
  `SauceName` varchar(16) NOT NULL,
  `SauceCost` decimal(4,2) NOT NULL,
  `SaucePic` varchar(20) NOT NULL
) ENGINE=InnoDB DEFAULT CHARSET=utf8;

--
-- Dumping data for table `sauce`
--

INSERT INTO `sauce` (`SauceID`, `SauceName`, `SauceCost`, `SaucePic`) VALUES
(101, 'BBQ', '5.95', 'bbq.jpg'),
(202, 'Hot chilli', '4.95', 'salsa.jpg'),
(303, 'Tomato', '4.95', 'tomato.jpg');

-- --------------------------------------------------------

--
-- Table structure for table `sessionorder`
--

CREATE TABLE `sessionorder` (
  `OrderID` int(8) NOT NULL,
  `OrderDate` date NOT NULL,
  `OrderTime` time NOT NULL,
  `OrderStatus` varchar(16) NOT NULL DEFAULT 'Pending'
) ENGINE=InnoDB DEFAULT CHARSET=utf8;

--
-- Dumping data for table `sessionorder`
--

INSERT INTO `sessionorder` (`OrderID`, `OrderDate`, `OrderTime`, `OrderStatus`) VALUES
(31451416, '2018-09-20', '17:59:28', 'Pending'),
(31451416, '2018-09-20', '18:01:58', 'Pending'),
(31451416, '2018-09-20', '18:12:06', 'Pending'),
(48971557, '2018-09-20', '18:20:18', 'Pending'),
(48971557, '2018-09-20', '18:21:34', 'Pending'),
(48971557, '2018-09-20', '18:23:37', 'Pending'),
(48971557, '2018-09-21', '02:17:20', 'Pending'),
(17831420, '2018-09-21', '05:39:41', 'Pending'),
(17831420, '2018-09-21', '05:42:04', 'Pending'),
(17831420, '2018-09-21', '05:42:20', 'Pending'),
(17831420, '2018-09-21', '05:50:31', 'Pending'),
(17831420, '2018-09-21', '05:50:53', 'Pending'),
(17831420, '2018-09-21', '06:14:58', 'Pending'),
(17831420, '2018-09-21', '06:21:23', 'Pending'),
(17831420, '2018-09-21', '06:22:02', 'Pending'),
(17831420, '2018-09-21', '06:22:11', 'Pending'),
(17831420, '2018-09-21', '06:22:41', 'Pending'),
(17831420, '2018-09-21', '06:22:51', 'Pending'),
(17831420, '2018-09-21', '06:23:36', 'Pending'),
(17831420, '2018-09-21', '10:21:05', 'Pending'),
(17831420, '2018-09-21', '10:21:43', 'Pending'),
(96813964, '2018-09-21', '10:48:46', 'Pending'),
(96813964, '2018-09-21', '10:50:08', 'Pending'),
(96813964, '2018-09-21', '10:51:09', 'Pending'),
(96813964, '2018-09-21', '10:52:56', 'Pending'),
(96813964, '2018-09-21', '10:53:07', 'Pending'),
(96813964, '2018-09-21', '10:53:35', 'Pending'),
(96813964, '2018-09-21', '10:55:28', 'Pending'),
(96813964, '2018-09-21', '10:56:49', 'Pending'),
(96813964, '2018-09-21', '11:00:20', 'Pending'),
(96813964, '2018-09-21', '11:01:35', 'Pending'),
(96813964, '2018-09-21', '11:04:18', 'Pending'),
(96813964, '2018-09-21', '11:06:53', 'Pending'),
(96813964, '2018-09-21', '11:07:56', 'Pending'),
(96813964, '2018-09-21', '11:09:34', 'Pending'),
(96813964, '2018-09-21', '11:09:48', 'Pending'),
(96813964, '2018-09-21', '11:13:52', 'Pending'),
(76788330, '2018-09-21', '11:14:31', 'Pending'),
(76788330, '2018-09-21', '11:14:52', 'Pending'),
(60345458, '2018-09-21', '11:16:36', 'Pending'),
(60345458, '2018-09-21', '11:16:51', 'Pending'),
(60345458, '2018-09-21', '11:17:00', 'Pending'),
(60345458, '2018-09-21', '11:18:30', 'Pending'),
(60345458, '2018-09-21', '11:19:12', 'Pending'),
(60345458, '2018-09-21', '11:19:23', 'Pending'),
(60345458, '2018-09-21', '11:19:30', 'Pending'),
(60345458, '2018-09-21', '11:19:35', 'Pending'),
(60345458, '2018-09-21', '11:19:43', 'Pending'),
(60345458, '2018-09-21', '11:19:55', 'Pending'),
(60345458, '2018-09-21', '11:33:41', 'Pending'),
(31015014, '2018-09-21', '11:36:25', 'Pending'),
(31015014, '2018-09-21', '11:36:36', 'Pending'),
(70443725, '2018-09-21', '12:38:37', 'Pending'),
(70443725, '2018-09-21', '12:59:03', 'Pending'),
(70443725, '2018-09-21', '13:02:58', 'Pending'),
(83657836, '2018-09-21', '13:12:23', 'Pending'),
(75094604, '2018-09-21', '13:17:21', 'Pending'),
(36065673, '2018-09-21', '13:20:37', 'Pending'),
(12048339, '2018-09-21', '13:46:06', 'Pending'),
(12048339, '2018-09-21', '13:46:42', 'Pending'),
(12048339, '2018-09-21', '13:46:56', 'Pending'),
(28207397, '2018-09-21', '14:09:25', 'Pending'),
(28207397, '2018-09-21', '14:15:42', 'Pending'),
(28207397, '2018-09-21', '14:57:19', 'Pending'),
(28207397, '2018-09-21', '14:57:49', 'Pending'),
(28207397, '2018-09-21', '14:58:05', 'Pending'),
(28207397, '2018-09-21', '14:59:03', 'Pending'),
(28207397, '2018-09-21', '14:59:20', 'Pending'),
(28207397, '2018-09-21', '14:59:41', 'Pending'),
(28207397, '2018-09-21', '14:59:58', 'Pending'),
(28207397, '2018-09-21', '15:00:18', 'Pending'),
(32192993, '2018-09-21', '15:01:03', 'Pending'),
(32192993, '2018-09-21', '15:01:14', 'Pending'),
(32192993, '2018-09-22', '02:15:22', 'Pending'),
(32192993, '2018-09-22', '02:16:05', 'Pending'),
(32192993, '2018-09-22', '02:16:13', 'Pending'),
(16976928, '2018-09-22', '03:07:40', 'Pending'),
(16976928, '2018-09-22', '03:18:08', 'Pending'),
(16976928, '2018-09-22', '03:28:49', 'Pending'),
(16976928, '2018-09-22', '03:29:45', 'Pending'),
(16976928, '2018-09-22', '03:30:52', 'Pending'),
(16976928, '2018-09-22', '03:31:37', 'Pending'),
(16976928, '2018-09-22', '03:31:50', 'Pending'),
(16976928, '2018-09-22', '03:32:18', 'Pending'),
(16976928, '2018-09-22', '03:33:39', 'Pending'),
(83471679, '2018-09-22', '03:41:43', 'Pending'),
(76397705, '2018-09-22', '04:02:10', 'Pending'),
(74398803, '2018-09-22', '04:05:38', 'Pending'),
(98587036, '2018-09-22', '04:07:31', 'Pending'),
(98587036, '2018-09-22', '04:11:26', 'Pending'),
(42456054, '2018-09-22', '04:15:32', 'Pending'),
(27883911, '2018-09-22', '04:16:44', 'Pending'),
(62957763, '2018-09-22', '04:17:39', 'Pending'),
(69598388, '2018-09-22', '04:18:41', 'Pending'),
(40695190, '2018-09-22', '04:25:30', 'Pending'),
(75012207, '2018-09-22', '04:47:05', 'Pending'),
(57754516, '2018-09-22', '04:51:11', 'Pending'),
(75103759, '2018-09-22', '04:53:00', 'Pending'),
(75103759, '2018-09-22', '04:53:42', 'Pending'),
(75103759, '2018-09-22', '05:06:50', 'Pending'),
(75103759, '2018-09-22', '06:03:48', 'Pending'),
(75103759, '2018-09-22', '06:04:56', 'Pending'),
(75103759, '2018-09-22', '06:05:45', 'Pending'),
(75103759, '2018-09-22', '06:05:56', 'Pending'),
(75103759, '2018-09-22', '06:08:13', 'Pending'),
(75103759, '2018-09-22', '08:39:03', 'Pending'),
(75103759, '2018-09-22', '09:23:51', 'Pending'),
(75103759, '2018-09-22', '09:24:51', 'Pending'),
(75103759, '2018-09-22', '09:48:01', 'Pending'),
(75103759, '2018-09-22', '09:50:22', 'Pending'),
(75103759, '2018-09-22', '09:51:12', 'Pending'),
(75103759, '2018-09-22', '09:51:20', 'Pending'),
(75103759, '2018-09-22', '09:52:43', 'Pending'),
(75103759, '2018-09-22', '10:17:25', 'Pending'),
(75103759, '2018-09-22', '10:19:38', 'Pending'),
(95858764, '2018-09-22', '10:20:03', 'Pending'),
(95858764, '2018-09-22', '10:24:52', 'Pending'),
(95858764, '2018-09-22', '10:25:20', 'Pending'),
(94091796, '2018-09-22', '10:35:49', 'Pending'),
(18679809, '2018-09-22', '10:38:26', 'Pending'),
(18679809, '2018-09-22', '10:40:05', 'Pending'),
(18679809, '2018-09-22', '10:48:00', 'Pending'),
(64523315, '2018-09-22', '11:43:59', 'Pending'),
(64523315, '2018-09-22', '12:02:53', 'Pending'),
(64523315, '2018-09-22', '12:32:00', 'Pending'),
(72210693, '2018-09-22', '13:14:11', 'Pending'),
(34069824, '2018-09-22', '13:15:33', 'Pending'),
(34069824, '2018-09-22', '13:15:46', 'Pending'),
(72277832, '2018-09-22', '13:28:45', 'Pending'),
(72277832, '2018-09-22', '13:49:32', 'Pending'),
(72277832, '2018-09-22', '13:58:05', 'Pending'),
(59707641, '2018-09-22', '14:03:17', 'Pending'),
(57534790, '2018-09-22', '14:08:36', 'Pending'),
(57534790, '2018-09-22', '14:08:56', 'Pending'),
(21087646, '2018-09-23', '03:07:38', 'Pending'),
(21087646, '2018-09-23', '03:08:56', 'Pending'),
(21087646, '2018-09-23', '03:10:02', 'Pending'),
(83981323, '2018-09-23', '03:13:33', 'Pending'),
(83981323, '2018-09-23', '03:16:46', 'Pending'),
(79321289, '2018-09-23', '03:17:24', 'Pending'),
(79321289, '2018-09-23', '03:17:45', 'Pending'),
(79321289, '2018-09-23', '03:18:06', 'Pending'),
(79321289, '2018-09-23', '03:18:33', 'Pending'),
(63302612, '2018-09-23', '03:51:26', 'Pending'),
(63302612, '2018-09-23', '03:51:56', 'Pending'),
(63302612, '2018-09-23', '04:08:48', 'Pending'),
(63302612, '2018-09-23', '04:16:04', 'Pending'),
(63302612, '2018-09-23', '04:16:22', 'Pending'),
(63302612, '2018-09-23', '04:30:00', 'Pending'),
(63302612, '2018-09-23', '04:32:44', 'Pending'),
(63302612, '2018-09-23', '04:34:05', 'Pending'),
(64221191, '2018-09-23', '04:35:30', 'Pending'),
(64221191, '2018-09-23', '04:35:45', 'Pending'),
(64221191, '2018-09-23', '04:35:56', 'Pending'),
(64221191, '2018-09-23', '04:36:36', 'Pending'),
(64221191, '2018-09-23', '04:36:54', 'Pending'),
(64221191, '2018-09-23', '04:37:23', 'Pending'),
(6533813, '2018-09-23', '04:39:15', 'Pending'),
(17047119, '2018-09-23', '04:40:08', 'Pending'),
(17047119, '2018-09-23', '04:40:19', 'Pending'),
(92684936, '2018-09-23', '04:41:27', 'Pending'),
(80474853, '2018-09-23', '04:57:08', 'Pending'),
(99444580, '2018-09-23', '05:03:53', 'Pending'),
(99444580, '2018-09-23', '05:05:16', 'Pending'),
(99444580, '2018-09-23', '05:05:34', 'Pending'),
(99444580, '2018-09-23', '05:12:17', 'Pending'),
(86508178, '2018-09-23', '05:20:07', 'Pending'),
(62377929, '2018-09-23', '05:20:42', 'Pending'),
(88519287, '2018-09-23', '05:21:26', 'Pending'),
(88519287, '2018-09-23', '05:22:59', 'Pending'),
(88519287, '2018-09-23', '05:23:23', 'Pending'),
(88519287, '2018-09-23', '05:24:10', 'Pending'),
(88519287, '2018-09-23', '05:24:43', 'Pending'),
(88519287, '2018-09-23', '05:25:20', 'Pending'),
(88519287, '2018-09-23', '05:25:44', 'Pending'),
(54754638, '2018-09-23', '05:44:22', 'Pending'),
(54754638, '2018-09-23', '05:44:32', 'Pending'),
(54754638, '2018-09-23', '05:45:45', 'Pending');

-- --------------------------------------------------------

--
-- Table structure for table `sessionorder_details`
--

CREATE TABLE `sessionorder_details` (
  `OrderID` int(8) NOT NULL,
  `PizzaID` int(8) NOT NULL,
  `SauceID` int(8) NOT NULL,
  `Quantity` int(2) NOT NULL
) ENGINE=InnoDB DEFAULT CHARSET=utf8;

--
-- Dumping data for table `sessionorder_details`
--

INSERT INTO `sessionorder_details` (`OrderID`, `PizzaID`, `SauceID`, `Quantity`) VALUES
(6533813, 333, 101, 5),
(12048339, 333, 101, 9),
(12048339, 555, 303, 7),
(16976928, 222, 101, 6),
(16976928, 222, 202, 5),
(16976928, 222, 303, 3),
(17047119, 333, 202, 5),
(17831420, 111, 101, 6),
(17831420, 222, 101, 5),
(17831420, 333, 101, 4),
(17831420, 444, 303, 3),
(17831420, 555, 202, 3),
(18679809, 111, 101, 1),
(18679809, 555, 101, 4),
(21087646, 111, 101, 4),
(21087646, 333, 101, 5),
(27883911, 222, 202, 4),
(28207397, 111, 202, 8),
(28207397, 222, 202, 4),
(28207397, 444, 101, 4),
(28207397, 444, 202, 4),
(28207397, 555, 202, 5),
(28207397, 555, 303, 3),
(31015014, 222, 101, 4),
(31015014, 444, 303, 4),
(31451416, 111, 101, 5),
(31451416, 111, 202, 5),
(32192993, 333, 101, 4),
(32192993, 444, 202, 5),
(34069824, 444, 202, 1),
(34069824, 555, 303, 3),
(36065673, 333, 202, 4),
(40695190, 222, 101, 6),
(42456054, 222, 101, 4),
(48971557, 111, 101, 7),
(48971557, 111, 303, 5),
(48971557, 333, 101, 2),
(54754638, 222, 101, 5),
(54754638, 222, 202, 5),
(54754638, 444, 303, 6),
(57534790, 111, 101, 4),
(57534790, 333, 101, 4),
(57754516, 222, 101, 6),
(59707641, 222, 101, 4),
(60345458, 111, 101, 4),
(60345458, 333, 101, 5),
(60345458, 333, 202, 5),
(60345458, 333, 303, 5),
(60345458, 444, 101, 5),
(60345458, 444, 202, 5),
(62377929, 333, 202, 4),
(62957763, 222, 101, 4),
(63302612, 222, 101, 3),
(63302612, 222, 202, 4),
(63302612, 333, 101, 5),
(63302612, 333, 202, 5),
(63302612, 333, 303, 7),
(64221191, 333, 101, 4),
(64221191, 333, 303, 4),
(64221191, 444, 101, 20),
(64221191, 555, 101, 34),
(64221191, 555, 303, 32),
(64523315, 222, 202, 4),
(64523315, 333, 101, 6),
(69598388, 222, 101, 5),
(70443725, 222, 101, 5),
(70443725, 444, 101, 5),
(72210693, 333, 101, 5),
(72277832, 222, 101, 4),
(72277832, 444, 202, 3),
(72277832, 555, 101, 3),
(74398803, 222, 101, 4),
(75012207, 222, 101, 5),
(75094604, 333, 202, 5),
(75103759, 111, 101, 5),
(75103759, 111, 202, 5),
(75103759, 222, 101, 5),
(75103759, 333, 101, 4),
(75103759, 333, 202, 5),
(75103759, 444, 202, 6),
(76397705, 222, 202, 5),
(76788330, 333, 101, 4),
(76788330, 555, 101, 4),
(79321289, 333, 202, 4),
(79321289, 555, 303, 6),
(80474853, 111, 101, 4),
(83471679, 222, 101, 5),
(83657836, 333, 101, 4),
(83981323, 222, 101, 3),
(83981323, 222, 202, 5),
(86508178, 222, 101, 5),
(88519287, 222, 101, 5),
(88519287, 333, 101, 4),
(88519287, 333, 202, 4),
(92684936, 444, 101, 5),
(94091796, 333, 101, 4),
(95858764, 222, 202, 7),
(95858764, 444, 303, 9),
(96813964, 111, 101, 3),
(96813964, 222, 101, 4),
(96813964, 333, 101, 5),
(96813964, 333, 202, 6),
(96813964, 444, 303, 5),
(98587036, 222, 101, 5),
(99444580, 111, 101, 5),
(99444580, 222, 101, 6),
(99444580, 333, 202, 4);

--
-- Indexes for dumped tables
--

--
-- Indexes for table `customer`
--
ALTER TABLE `customer`
  ADD PRIMARY KEY (`CustID`);

--
-- Indexes for table `order`
--
ALTER TABLE `order`
  ADD PRIMARY KEY (`OrderID`,`CustID`),
  ADD KEY `CustID` (`CustID`);

--
-- Indexes for table `order_details`
--
ALTER TABLE `order_details`
  ADD PRIMARY KEY (`OrderID`,`PizzaID`,`SauceID`),
  ADD KEY `PizzaID` (`PizzaID`),
  ADD KEY `SauceID` (`SauceID`);

--
-- Indexes for table `pizza`
--
ALTER TABLE `pizza`
  ADD PRIMARY KEY (`PizzaID`);

--
-- Indexes for table `sauce`
--
ALTER TABLE `sauce`
  ADD PRIMARY KEY (`SauceID`);

--
-- Indexes for table `sessionorder_details`
--
ALTER TABLE `sessionorder_details`
  ADD PRIMARY KEY (`OrderID`,`PizzaID`,`SauceID`),
  ADD KEY `PizzaID` (`PizzaID`),
  ADD KEY `SauceID` (`SauceID`);

--
-- Constraints for dumped tables
--

--
-- Constraints for table `order`
--
ALTER TABLE `order`
  ADD CONSTRAINT `ORDER_ibfk_1` FOREIGN KEY (`CustID`) REFERENCES `customer` (`CustID`) ON UPDATE CASCADE;

--
-- Constraints for table `order_details`
--
ALTER TABLE `order_details`
  ADD CONSTRAINT `ORDER_DETAILS_ibfk_1` FOREIGN KEY (`PizzaID`) REFERENCES `pizza` (`PizzaID`) ON UPDATE CASCADE,
  ADD CONSTRAINT `ORDER_DETAILS_ibfk_4` FOREIGN KEY (`OrderID`) REFERENCES `order` (`OrderID`) ON UPDATE CASCADE,
  ADD CONSTRAINT `ORDER_DETAILS_ibfk_5` FOREIGN KEY (`SauceID`) REFERENCES `sauce` (`SauceID`);

/*!40101 SET CHARACTER_SET_CLIENT=@OLD_CHARACTER_SET_CLIENT */;
/*!40101 SET CHARACTER_SET_RESULTS=@OLD_CHARACTER_SET_RESULTS */;
/*!40101 SET COLLATION_CONNECTION=@OLD_COLLATION_CONNECTION */;
